,A,B,C,D
2000-01-01,0.9084757962454338,0.013063089325995923,-0.503264670078536,-1.0208065190380735
2000-01-02,0.5828776139524414,-0.9421959147410482,0.3823301518386045,-1.8809936169045423
2000-01-03,1.8251973431163229,-0.7978077737365725,-0.2511992854686509,-2.4022585505468435
2000-01-04,2.014646633027323,0.11761698184623126,0.4691458252749231,-1.468761566375583
2000-01-05,1.314006684089054,1.2548581452126446,0.056668466811157225,-3.3433350249860805
2000-01-06,0.8952583292256218,0.9580965852368402,-0.7421030697530484,-3.4479645934798677
2000-01-07,0.2679393848713323,0.5064038251153145,-0.9508897995551817,-3.6542033364892417
2000-01-08,-0.8043059339396905,1.7572735143725333,0.4284156946602313,-3.5671058257562867
2000-01-09,-0.6876987360175801,1.3920881053994796,-0.40534881168381987,-4.049872924184208
2000-01-10,-1.8156842193774656,2.8309214578758297,-0.5819818474825218,-2.6219034513403554
2000-01-11,-0.9398538908406371,2.8967140512655294,-1.3283360303528724,-3.2916333924680505
2000-01-12,-2.240971759539123,3.302568601147,-0.9093042639602222,-3.713695747445733
2000-01-13,-3.139879587401497,2.747488433183337,-0.21197675092887935,-3.6205099788567585
2000-01-14,-4.703205509172448,3.7348087221082684,-0.7669170407839616,-5.13673457601968
2000-01-15,-5.138978639023097,2.5766152226089565,-0.5824867395430761,-5.9534766958155
2000-01-16,-5.685167527884241,1.561697952635212,-0.16425935983279943,-5.84267881164622
2000-01-17,-5.102179489267807,1.5800833023566345,-0.49077027223884556,-6.279726438864082
2000-01-18,-3.517582315480827,0.9414468536565301,0.0858405999259701,-5.901986886069985
2000-01-19,-3.6589017959445456,1.9046463517160386,-0.20956477662562956,-5.210577374813602
2000-01-20,-4.259418596179514,0.3974617270244474,-0.5823753556981217,-7.373876649116756
2000-01-21,-3.372270998075361,0.69271257144558,0.259563856681171,-7.3351410832898996
2000-01-22,-2.460683875725322,0.3706248680668102,0.22069622857380217,-6.74215419587476
2000-01-23,-2.600838240078998,0.8314435245928488,-0.37482214105538575,-6.961153304502247
2000-01-24,-0.3709108548682223,0.5994744044215996,-1.9582456164879143,-7.449523200279904
2000-01-25,0.6184632714795024,-0.20422184720724412,0.37575382959095194,-5.610057069562902
2000-01-26,0.5187547747448059,-0.26927388213474196,1.4782483157536122,-7.412382883331022
2000-01-27,1.0622130387910151,1.1191542146207674,1.1331381962822493,-8.476184541768221
2000-01-28,2.574802391055159,1.0422810630370527,-0.6554952667311462,-7.4026304944267665
2000-01-29,4.349904250463792,2.113264606186087,0.32992986995806795,-8.515501730642669
2000-01-30,5.706473151386859,2.52429382345816,1.4548479636955844,-8.384551610161795
2000-01-31,2.7996949217005045,3.5876104503496222,1.9621975049985703,-6.518234691247996
2000-02-01,3.0561916567636507,4.577113457904958,3.1856412002673187,-5.991590410211303
2000-02-02,1.360888112190136,2.863579585844043,2.632804455019187,-4.55011906915594
2000-02-03,-0.7834625273846125,3.4178562499340206,4.261579871333635,-3.8354066444919526
2000-02-04,-0.7158674822170559,2.843806316481713,4.337640646674517,-3.929594706726571
2000-02-05,-0.5832877050556561,3.5102906549132675,2.642127967940673,-5.142346031885227
2000-02-06,0.06383658330929576,3.2191347931627363,2.299993752281422,-4.013827814287863
2000-02-07,0.04061308578463281,2.567529098940378,3.0093774799989537,-2.931669955733182
2000-02-08,0.048825289455217614,2.3000977358038144,3.4772347809597712,-3.567784654067076
2000-02-09,-0.3006990672477736,2.409470969752636,4.659258234625869,-3.9389981376721273
2000-02-10,-0.23585576449726303,2.53188764102839,3.8586141481000045,-3.0099491994870373
2000-02-11,0.7026083612615737,2.7238363732053688,4.7636083344367375,-3.1347593540057797
2000-02-12,1.5583297876699178,2.5176985617012386,4.488265342080877,-1.958946953390537
2000-02-13,1.1339652686658404,1.7066903171940888,4.208533682199828,-3.1257153600381526
2000-02-14,1.1251998638802787,1.9866663670825924,6.529019615088709,-3.5470715854802943
2000-02-15,0.8538059334020436,1.9900902159366816,6.339915713909718,-3.919137372248922
2000-02-16,0.5344457502850521,1.0595603936362967,6.695935994344144,-3.550922716381314
2000-02-17,0.38086112957909846,1.00750624932212,7.909390295773651,-3.6904393076000863
2000-02-18,-0.05378746634297693,2.3514971656083103,6.4405708525166965,-4.418289411964914
2000-02-19,-0.8852387527801676,3.259042193376877,5.75189798321069,-4.414249110880671
2000-02-20,-0.5313420765088113,2.1428059003280113,6.414084664657824,-1.8483622701056315
2000-02-21,-0.777403412182829,1.1190270758549568,7.489820259541276,-0.8451570050760371
2000-02-22,-1.1965388759767803,0.07280476060777707,8.306457493886297,-1.2625665215533233
2000-02-23,-2.8415006561354925,0.6049076071887939,8.677553580260808,-2.331106091200173
2000-02-24,-3.097799554334777,0.7412805002164382,6.0869141775230595,-2.4979880764992037
2000-02-25,-3.4084932371220122,1.0417711294345149,6.748995085404168,-1.902691385840834
2000-02-26,-3.58046032752865,-0.39168239796448456,7.921133920371098,-1.3840789020023703
2000-02-27,-4.088224969711024,-0.6622914088722105,6.435533181800383,-0.1429361869343082
2000-02-28,-3.8706186933651088,-0.8486010224626425,6.550630850457872,-0.45118842209233123
2000-02-29,-3.308498243300167,-0.7480994263696081,7.471577058421534,-0.8808639824738385
2000-03-01,-3.384982062414992,-0.42796557618776354,7.239939773084644,-1.2482936154927584
2000-03-02,-5.54726092857527,-0.452968821108405,9.021858394661393,0.8860764351567885
2000-03-03,-5.1680211870117345,-2.624801058522633,8.770602341921002,2.8926575922033004
2000-03-04,-7.241716057930787,-1.8736680517574362,8.22863521993098,2.965198724785673
2000-03-05,-6.75356351461698,-0.23841877188455207,8.618208266741307,4.875063090372422
2000-03-06,-7.6957725757090545,-0.8309542946107932,8.08032598026817,4.095564357118107
2000-03-07,-6.31939334092895,-0.15404434169313197,8.556030503580537,5.655668354758799
2000-03-08,-7.4909469107417745,-0.08428847632793292,9.868663215878268,4.899748861681777
2000-03-09,-8.910831453541284,-2.184740835429063,12.300794584943953,2.6764885113823134
2000-03-10,-9.025131875134239,-1.8005648790523754,11.059231276737577,1.1608203724166517
2000-03-11,-7.41437791000582,-1.1312862008266316,11.133977655956967,1.036483138372842
2000-03-12,-7.068240792527725,-2.556792138782896,11.393831792299592,2.746296072574184
2000-03-13,-8.460249720149635,-2.3660824221791,11.064117211212993,2.922925484750749
2000-03-14,-10.037298675946785,-1.4663352881870693,11.448334958489957,2.4691271019177887
2000-03-15,-10.54601007998896,-0.9094661582151348,11.439421258246204,1.4020941144610715
2000-03-16,-10.631810253901318,-0.6689172686461677,9.602014911627872,1.4389332873419463
2000-03-17,-10.357929760797765,0.372954901839853,10.014772907493048,1.6116897525265619
2000-03-18,-9.641871789076088,-0.5605928788781895,10.693107673082528,1.8170666573232894
2000-03-19,-9.536730639497597,-0.27446883836797115,11.064790428372211,3.6690411634438984
2000-03-20,-8.435798737924666,0.6757098912686146,9.952258356733598,4.1816656050105925
2000-03-21,-8.814546375363856,0.3920161559595458,12.795137316460035,3.848474055217447
2000-03-22,-9.134846178526319,0.5794906986435564,13.51275020569005,3.2325819253896433
2000-03-23,-11.00738884085972,1.5555272894000713,14.794669243555,3.4649432564261953
2000-03-24,-12.429146710684114,1.3873459423552084,13.143943782789618,3.851312361485866
2000-03-25,-12.508029975449665,1.767063901523936,14.804677664773664,1.6724589036004995
2000-03-26,-10.671235971655264,3.016621614917029,13.835779102462597,2.7393284436920364
2000-03-27,-11.209929330857616,2.8200967402751314,15.715581867466163,2.376555417390211
2000-03-28,-10.592613606619047,3.0634086026646767,14.99758540196225,1.4742730762787493
2000-03-29,-9.583161929564039,2.74848045393309,14.735163213817989,1.2954472694085375
2000-03-30,-8.7584168828723,1.8574627453478203,16.549281304343715,1.5905805459549125
2000-03-31,-7.764411047121405,1.741245926841121,15.23557122969902,0.224230483788749
2000-04-01,-6.116760217918204,1.253840073158347,15.493571293881859,0.8039768649094114
2000-04-02,-5.238462381690698,1.2063838089871313,14.826789118900534,0.2460279898093647
2000-04-03,-5.207285769749506,1.1248360607002417,14.687159567204061,0.972747895363896
2000-04-04,-6.6457557458186205,2.1462477583088986,14.2076753721777,2.4441400678767677
2000-04-05,-6.185396638277595,3.0052089699029345,13.747675447700985,3.4045875700776143
2000-04-06,-6.953366102959795,2.1840093561054124,13.906440949617144,2.7187788380580615
2000-04-07,-6.7578068531890905,0.7482156668843212,12.296877529992067,3.487376592553977
2000-04-08,-4.860713820264819,-0.42052068393150455,13.223374926105013,3.771966792017512
2000-04-09,-4.611767155906005,-1.3713237771510598,12.523279224319708,4.13591459850171
2000-04-10,-4.986715613493366,-1.6963615847408136,14.164460070382368,6.557180092383081
2000-04-11,-3.464977890211977,-2.7062980029117263,14.378049645021541,7.260669538643837
2000-04-12,-5.406784757553766,-1.4716688526043769,14.96108250065283,7.976628752579243
2000-04-13,-6.13993714297081,-0.015919029705379284,13.985619398434757,8.441994538607222
2000-04-14,-5.522575705176718,-0.6190896380496616,12.712431717400266,7.922535934446596
2000-04-15,-6.833942394422679,0.20395799652885727,14.088099493562932,8.439714165085773
2000-04-16,-6.9384185115645085,-0.14397956217001034,13.20692870298994,8.129434704220506
2000-04-17,-5.6963826405761715,-0.965772029850755,14.27272798702682,8.674221142521208
2000-04-18,-7.430342837043178,-1.096764278246448,14.423443019769492,6.77644374880421
2000-04-19,-8.750964977577205,-2.0936458158958073,13.809268775534413,7.025140482225504
2000-04-20,-7.275756365349121,-1.0382036718999321,13.984937721382819,7.063743470177379
2000-04-21,-8.090754930033219,-0.537278767391586,14.192469568010056,7.754058679881034
2000-04-22,-7.081633456785292,-1.1240450632678625,13.08556763160629,8.149432630175884
2000-04-23,-6.510340942331238,0.4320622904343281,11.86219699928322,10.012974841380979
2000-04-24,-6.913554143162857,0.7819315311288586,12.248707618470924,10.281660900092746
2000-04-25,-6.056122172977773,0.14105840099402855,12.07375163936511,9.098912674840703
2000-04-26,-6.361219416489252,0.40668655553364663,12.473545074203829,8.970497075709753
2000-04-27,-7.788952285300107,0.13858332666797007,11.534921942623384,7.852810049047316
2000-04-28,-7.982646651049602,-0.29778327244134495,12.448796819734763,8.541000825430878
2000-04-29,-7.473323450716247,1.0297827078806072,12.056524214398577,8.671703498615562
2000-04-30,-7.807259929095817,0.4346886723676415,13.394056388699479,8.386174146951667
2000-05-01,-8.621883287736267,0.0013050906266123818,14.314872933039918,8.547372750915141
2000-05-02,-8.817947769859044,-1.4081530231923862,12.30181270671791,8.152654237977117
2000-05-03,-9.772583712352759,-2.2861265382062363,12.19532091678448,6.851141628825499
2000-05-04,-11.838496546634026,-2.1797623836228617,13.575642965611774,6.678393257334327
2000-05-05,-12.676038916860819,-2.303318800238579,13.522740091744335,7.56375279180371
2000-05-06,-10.757254310640551,-1.8672638091441272,14.271982093298762,6.624436206731389
2000-05-07,-9.442715977272833,-2.199544533660324,13.988258498760738,6.530778257884908
2000-05-08,-8.037146798130683,-4.145421880041452,13.201685779013772,5.338852533055421
2000-05-09,-6.294951676409003,-5.2719787025806895,12.217255933286888,6.560569748898792
2000-05-10,-7.235853123889275,-7.002953048353858,12.428517839359914,7.404589365212334
2000-05-11,-8.081854196912193,-6.690861337305352,11.292582536280362,7.559441842194329
2000-05-12,-8.167641885969017,-7.4147434719355765,10.516122426290282,7.539886972594207
2000-05-13,-9.37935026086902,-7.729041881273003,11.379407658276143,5.867246153795952
2000-05-14,-10.461265767231515,-7.946478820995075,11.19521806757398,5.065719999568812
2000-05-15,-8.124055343774526,-6.769158485526426,10.464531529786493,3.9715412686226443
2000-05-16,-8.585599465185984,-6.993822862724611,8.468172837418813,4.94228189648536
2000-05-17,-11.358202674792647,-6.689523182578631,8.626377530730855,4.5414706200372414
2000-05-18,-10.413176394460413,-6.06600013095343,9.59883701983401,3.2148515928245045
2000-05-19,-9.101584095796255,-7.086587126973399,7.66154324650378,1.5867535499403915
2000-05-20,-8.171510627406592,-7.114461235121266,8.125638418000129,0.9712085691068328
2000-05-21,-5.210039535915968,-6.800256053766083,6.968196300862404,0.23686387433385414
2000-05-22,-5.987997591738109,-6.737962796756424,7.701493621701012,-1.091048637710815
2000-05-23,-5.803078287194837,-4.451622894037977,8.080488354952035,-0.7262782596031274
2000-05-24,-7.174260235738817,-4.974820831267985,8.090697042648738,-1.0895608850887033
2000-05-25,-8.268287928154649,-3.9507496331266823,7.149321220259908,-0.22466715186441177
2000-05-26,-8.179353549127887,-5.295373798294642,6.263769016693779,0.24289803907727175
2000-05-27,-8.621026506470548,-6.704298140098156,7.191474086565748,-1.3028683855095233
2000-05-28,-7.203590409549839,-5.411175898876854,5.830064733323132,-2.9980861926461353
2000-05-29,-6.440543576404258,-6.26334533554954,5.2351921060272,-2.6853196856608808
2000-05-30,-8.326191816995054,-6.96830204184056,5.112793741216651,-3.683429469743358
2000-05-31,-8.032093425619935,-5.871087704529756,5.160499939661601,-4.777879635854466
2000-06-01,-7.159822281946752,-7.624489706811687,4.561338827391442,-4.5561991112381275
2000-06-02,-6.333898873387526,-9.231486476187937,5.394030941920179,-3.9291886305796315
2000-06-03,-6.7696750294705055,-10.336131887738459,5.059158299220123,-3.036048037083566
2000-06-04,-9.047414606618478,-11.100930820771417,4.742587750463903,-2.945204761567369
2000-06-05,-10.517062245616069,-10.48159414206834,5.333431441277061,-2.6673895544386426
2000-06-06,-9.483959334652535,-11.131339530078227,5.343334206667727,-3.006259720575606
2000-06-07,-9.863413854470087,-11.012415954671063,5.060240950938551,-2.5954643130984376
2000-06-08,-10.546278885314015,-11.1352310389942,4.97851478318555,-2.465267216397201
2000-06-09,-10.30564745182034,-14.21409359803231,4.940705417085949,-1.7580001382160102
2000-06-10,-10.147680250560693,-15.222844256707074,6.458828846807496,-1.271061143105988
2000-06-11,-12.107076851045555,-14.818614015856198,5.719317248220966,-1.2875200682242693
2000-06-12,-11.844290217192093,-14.575058887142873,6.764624529853672,-0.8729553150671172
2000-06-13,-11.604760415243712,-16.629216942329663,8.391212234161229,-0.805901770607649
2000-06-14,-11.07340808498266,-16.698448820177877,9.837400062403578,-1.3864789037485656
2000-06-15,-9.558139335843322,-17.871355966273605,9.341999792889428,-0.9081314139694097
2000-06-16,-9.74233696171775,-19.01511420342532,8.945945349120585,-0.34013109673554065
2000-06-17,-9.639457489810363,-19.948833170304514,8.874815312695713,-0.8028718362851504
2000-06-18,-10.935510342421548,-20.986950470652488,7.2515789585036545,-0.04981875335027719
2000-06-19,-10.572671263857066,-21.628271447564234,6.8720420423403885,-0.28878039538055517
2000-06-20,-11.391974378261772,-21.497066428516366,8.080729478093376,-0.3889026116784802
2000-06-21,-12.182992538866737,-22.529798524265818,7.970573190741713,0.4639437856217045
2000-06-22,-12.35766475929437,-24.132989381605565,6.155782297553377,1.2879546669910913
2000-06-23,-12.05331586499989,-22.198618891760788,4.103682477484924,1.0911743710860866
2000-06-24,-12.700298306721933,-22.628945197810197,5.417694183617561,-1.6280143227177015
2000-06-25,-10.91167565468409,-22.481330492357714,5.46507174796605,-0.7397552526172448
2000-06-26,-11.728694925649993,-21.682852784085956,3.391291648341253,-0.8888064199835688
2000-06-27,-14.135956470163661,-20.516223239694067,2.797927919274584,-0.024882403553554533
2000-06-28,-15.366044893294687,-20.66273533562327,3.5335746335237777,-0.08274911247712298
2000-06-29,-15.757452589781302,-21.60977329629845,2.223274019111407,-0.15282938534574103
2000-06-30,-16.624935909941325,-22.469845310580983,2.9547542608272837,1.7584759577560827
2000-07-01,-16.549552280855128,-22.455443055794934,4.664901662953161,1.2606313965918654
2000-07-02,-16.20190294332327,-21.900064256889717,4.898985613764157,1.4370601680805584
2000-07-03,-15.533007506173355,-22.333010841688946,3.8035793719006645,3.8015809532733087
2000-07-04,-15.807040855634064,-24.067137820408533,3.280556365493128,5.237047272833623
2000-07-05,-16.603286691689984,-25.24936926030792,5.439857502390936,6.285704292962643
2000-07-06,-16.337367271768354,-26.04712487309601,4.615090337559352,8.101641854974956
2000-07-07,-16.163726328968007,-26.534962410976004,4.914162739319891,7.294754347270569
2000-07-08,-17.24772348236024,-26.23199097032094,5.0868178100307135,7.433916166955861
2000-07-09,-17.585970967302107,-25.803178007142048,6.9225061598380275,7.0616830191594415
2000-07-10,-18.004094471569342,-26.88532794703595,7.032285754599846,6.092740796141504
2000-07-11,-17.990345925687336,-25.96715460251269,7.380593814772051,5.069425602199402
2000-07-12,-18.70008972565134,-25.069028698539885,5.132120287057862,3.7196935797383484
2000-07-13,-19.98128231360186,-23.78610874125765,5.4112122943197765,3.411458980264275
2000-07-14,-18.31152610426407,-22.68736858994145,6.272247786132182,4.954738374727565
2000-07-15,-19.329525682732097,-22.77040423583006,6.786772051691274,4.993551014067905
2000-07-16,-18.71542434728562,-24.063026784673358,6.712249574678636,4.951052490965507
2000-07-17,-17.081765328379678,-22.977997803885103,7.510150773125448,4.193478334132569
2000-07-18,-18.479919242589556,-23.350082039483173,8.888999267022653,4.049126722272064
2000-07-19,-16.81220213185859,-22.115650522197114,10.61521051345476,3.812460283523182
2000-07-20,-16.547361012283307,-21.84019747635245,11.897516814331615,4.691438949142346
2000-07-21,-16.40577866937038,-20.683222257619875,12.813656840090749,3.632016271049091
2000-07-22,-15.514733529093085,-20.731172477674495,14.107777625485973,3.9767198544206885
2000-07-23,-15.613123180840661,-21.086723910559176,14.25919013779667,5.0113974404640995
2000-07-24,-16.265804270497135,-24.203990939130044,12.565755506021578,6.093183218731332
2000-07-25,-18.005485274969022,-23.519568635346797,12.82023515248069,6.593902446113467
2000-07-26,-16.594524592679036,-24.62299697884082,14.815810897844116,6.527407619471613
2000-07-27,-16.79641078329158,-23.86226873509361,13.976926545553006,7.783990570671644
2000-07-28,-16.608883612787814,-23.591758117015054,14.915411029484417,9.369259484636743
2000-07-29,-16.84758862823967,-21.94982441015726,15.244430066336722,9.80713663932533
2000-07-30,-16.439277745631998,-21.462164853434516,14.754368056728582,11.807522527739623
2000-07-31,-16.920071867118573,-21.870973367366876,13.630536697109648,12.152121212552606
2000-08-01,-17.266319517589363,-21.54503959985769,16.472025795524598,11.216468237748117
2000-08-02,-17.473135186943043,-22.233988171991278,17.506279942749817,9.78571504015121
2000-08-03,-16.57697425813887,-21.42315428310281,17.491989376301827,10.667521795694181
2000-08-04,-15.848464384866318,-21.59658174377182,17.209339147684897,8.960733411539215
2000-08-05,-15.19247218628299,-22.570697089649833,16.527717368404847,9.657107889817803
2000-08-06,-14.61935859680613,-23.34179771364181,18.352616469943737,10.217937367412862
2000-08-07,-13.491558920346543,-22.642485690818578,19.004770597892485,9.835722904514343
2000-08-08,-16.544119587447263,-23.11766047021242,19.294865284543228,10.451090040802045
2000-08-09,-16.767497190893355,-22.483604600785682,19.74862281347221,10.540852194565774
2000-08-10,-17.002010678007935,-22.506940750508942,20.411535854615355,10.990640755506238
2000-08-11,-18.44642992048187,-21.681749436819263,18.81730001687382,10.00945582039219
2000-08-12,-19.03740792370617,-21.41135763473238,19.338140686042408,10.019450394925645
2000-08-13,-16.302471237848643,-21.44039315221453,18.24478686145668,8.752488931675588
2000-08-14,-16.556559295986716,-23.1752820889412,19.263605472666423,8.658475877659187
2000-08-15,-15.855135639297785,-24.598284003305608,19.572595985444735,8.308936029806361
2000-08-16,-15.822494393384535,-23.29154049118022,18.634168721813893,8.60744148133606
2000-08-17,-14.48788636600334,-22.60336359581758,17.64603932847954,7.775453667721138
2000-08-18,-13.532801860683861,-21.604073227872213,17.68164153041478,7.6589025198200895
2000-08-19,-13.32631508409074,-22.14121658240918,19.414122982040972,7.301055177092275
2000-08-20,-13.09407013650993,-21.39769548970199,19.68736555744829,10.135343966587575
2000-08-21,-10.788336922171172,-21.55079944554447,19.45378121952133,10.836320621167348
2000-08-22,-9.343284455341335,-19.230262997449433,19.849803623770384,8.760643284101839
2000-08-23,-8.954125497155422,-18.33351833845535,21.347085440466234,9.963534709159
2000-08-24,-10.754810995746457,-17.43635034773971,22.076963390023582,9.594677208183708
2000-08-25,-12.415193577966493,-16.324566977329535,21.679027383896315,9.504497434668219
2000-08-26,-12.814084427633267,-16.32142031750945,23.743757108785566,9.660805952760679
2000-08-27,-11.253242760266154,-15.859889688369734,24.83511465188014,8.560119962995216
2000-08-28,-13.101250827401765,-15.185024248013567,22.900662162767638,8.977942571958238
2000-08-29,-12.170538032188936,-15.844126458352882,24.188101091935895,8.245427439070875
2000-08-30,-13.013969657936988,-16.335351635672524,24.431258122802422,8.980551243700134
2000-08-31,-12.849124820595412,-15.56661444902598,23.129444229562868,8.785712455687733
2000-09-01,-11.834110587284805,-14.979904883754031,23.322199183924475,7.143249448664141
2000-09-02,-11.674688072068978,-16.028630262241446,24.132235824059443,7.1867729861122545
2000-09-03,-11.773189164064119,-14.471980701980026,22.578738954897368,6.169972823197028
2000-09-04,-10.498352580372284,-14.967469506527566,23.72706378635445,6.146998189581734
2000-09-05,-8.833974169848673,-16.005434845769248,22.655170078109258,6.548078077918946
2000-09-06,-7.890166860036303,-14.650378244584008,21.520728238214172,5.450478979488679
2000-09-07,-9.479594792920752,-14.362271056146039,22.60854352661539,5.8324168180978315
2000-09-08,-9.53378316724988,-16.64962186191299,23.710034958867,6.272791666830997
2000-09-09,-9.287419475880517,-15.500343011519714,23.91513622372523,6.0363660235148355
2000-09-10,-7.184028097584383,-15.624578758275362,21.309013675163317,6.933296879339375
2000-09-11,-6.154286356249267,-14.505506178914857,19.68369349883355,8.579795224053022
2000-09-12,-6.2616708829932115,-15.832331166926977,19.839645321727364,7.883249906605986
2000-09-13,-7.331950062322932,-15.248915107502777,20.859787478498355,8.253626157717887
2000-09-14,-7.814593583989124,-14.70928198286234,21.22820976257896,8.36162076704993
2000-09-15,-7.5995213655137706,-14.792546067137883,20.9480235832971,7.723447102429389
2000-09-16,-7.808591311793388,-15.151702566499353,22.510813339933463,7.144941266878775
2000-09-17,-7.884118155048744,-16.70198188694686,23.059154151057967,8.11781456247489
2000-09-18,-7.811644272819793,-19.069144503439922,22.742403761255066,8.280380079532307
2000-09-19,-7.288312243878405,-19.4269974516822,23.515567028196028,6.65517816653622
2000-09-20,-8.850543445324817,-20.353801120219472,23.41232749450696,7.588201453665877
2000-09-21,-10.63950379304906,-21.41361343535506,22.854685669861862,8.095928921937197
2000-09-22,-9.952603819957996,-21.046991544063182,22.413158920511503,8.330824686152084
2000-09-23,-10.656143412447674,-21.76376303120686,22.4367384216433,8.710914631713536
2000-09-24,-10.39907046608511,-21.775834179209824,21.960335007221303,9.775460560388424
2000-09-25,-9.099635277490258,-22.251421343691497,23.57140545579233,11.25444073924669
2000-09-26,-9.148269483885027,-20.929295529203902,21.992256696011637,12.756070771860479
2000-09-27,-7.59734166709647,-20.118474440253035,22.42254117042945,13.880894955414314
2000-09-28,-6.47972650840201,-20.99949517203646,23.870293330847208,13.132909165729778
2000-09-29,-8.417405954909597,-21.22272349572607,24.509917300078428,13.294130247545715
2000-09-30,-8.659327043612763,-19.6648701795016,24.21637813880928,11.502762982592142
2000-10-01,-8.149350666525734,-20.110655945382714,23.87579468128186,10.405515046095946
2000-10-02,-8.764756194480618,-21.40892277745693,23.339453464592616,10.74943496844116
2000-10-03,-8.459491137506525,-21.461267957207326,22.735258511468395,9.98092152833593
2000-10-04,-7.808337952883462,-22.14160734192084,23.326753997274373,12.62993716626746
2000-10-05,-6.229163116980887,-20.948027113535883,21.88998419519407,11.40725632100116
2000-10-06,-5.8531089348707255,-20.647647764284805,21.60418816349471,11.787669340380248
2000-10-07,-5.781275464423655,-20.08497925629746,22.760780292380325,10.655733098203337
2000-10-08,-4.683570880207639,-18.38022099962851,21.845936235135316,10.680975430041824
2000-10-09,-4.93783900612589,-18.184742153289672,20.59960770458907,11.09004845066664
2000-10-10,-5.46800224624004,-16.53810592519796,21.627260947428486,11.66325635249621
2000-10-11,-6.751475649179715,-17.230930778487984,20.71572972753442,12.23973399913515
2000-10-12,-6.455863160317786,-15.64608702360751,18.990062726244204,14.075688195029826
2000-10-13,-6.244826862238703,-16.483558053757335,20.701700379364308,14.92111994836313
2000-10-14,-6.558376947730487,-16.65495350116724,18.54692548609181,15.50128822605298
2000-10-15,-6.430924148037911,-17.080100707366796,18.286540111815757,16.115362317963978
2000-10-16,-4.885674519307377,-17.348384584422746,18.251610622582053,17.643532514783168
2000-10-17,-3.954015343876602,-17.428476493134198,17.884614791815043,17.696217946864376
2000-10-18,-2.564181836534126,-17.215198454182474,17.54259840431446,17.58463522845387
2000-10-19,-1.535528856012629,-17.507996875676515,18.39983022562153,17.327188900223046
2000-10-20,-1.186077272419787,-19.23277883760213,18.755349534876178,15.59906044163324
2000-10-21,-2.2769060558972036,-20.898006638819428,18.252395916709297,15.54910408380401
2000-10-22,-2.1326580865383797,-20.170927991581273,18.647401193762104,15.4307108046256
2000-10-23,-1.2533217505944756,-18.964083631081085,19.741459457385915,14.596730725203765
2000-10-24,-0.38022382233140983,-19.72803188807698,20.789272749449452,13.765299717907713
2000-10-25,0.14876774218294841,-19.95503175695172,20.235666261927463,13.764177118600033
2000-10-26,-0.8884544282679973,-20.538104141815218,18.19989808126737,17.18964600078539
2000-10-27,0.4538455983335058,-20.822190321469087,17.916298389768677,17.486916653175335
2000-10-28,0.7947562739498455,-19.670638548092718,18.1386547449857,16.562531775524988
2000-10-29,-0.3762412555964454,-19.502432776792386,19.59249180864659,17.52702308380977
2000-10-30,-0.6817254291809247,-17.98348649867404,20.077282457568003,18.380133310530045
2000-10-31,-1.2669370189954725,-17.38043306474393,20.677411816402884,18.678290128773668
2000-11-01,-1.706119415048327,-17.642202339945968,21.959964061317606,19.868568737840537
2000-11-02,-1.0822908992864873,-17.260635134548533,21.16963390320471,18.184475142878405
2000-11-03,-1.0573342975567106,-19.480350734482204,21.035170579243946,18.76781472666354
2000-11-04,-3.027548711371053,-19.698158805897116,21.201591447238872,18.958930516048795
2000-11-05,-3.514545999597922,-20.37570847670778,21.845949461842594,19.20644581817516
2000-11-06,-3.907870382720559,-21.794799638320608,21.129110596421157,21.381434516860548
2000-11-07,-3.1059945285430146,-21.185657186576027,21.3317226596818,19.134974020585332
2000-11-08,-2.0388162347915815,-22.289853017708424,21.333226187047888,19.084034839595063
2000-11-09,-2.2006322684993553,-21.958330881324525,22.224466028260995,19.20111970386519
2000-11-10,-2.3200585141097743,-21.02093254453391,23.00200989792077,18.125906571900504
2000-11-11,-2.107845428245248,-22.12976118609962,23.55004135441465,17.040984686117618
2000-11-12,-1.1411106074417032,-21.548258761315715,24.471709331369524,17.176564946526966
2000-11-13,-1.050070245635131,-21.464234129060547,24.79208165150889,16.913801264720046
2000-11-14,-1.6472888998261257,-21.754669879551685,26.26128456924087,18.009173758388574
2000-11-15,-2.0356657984550086,-21.369689453892065,26.59062909218421,18.493716260147995
2000-11-16,-2.429802131907966,-20.7127933890525,26.59102148031683,19.397594519432182
2000-11-17,-2.059231840081169,-20.837209153149747,26.92624132123708,18.362412135459163
2000-11-18,-2.319123081206802,-20.418708829514504,28.06078651027694,18.721458698237825
2000-11-19,-1.107993011143205,-19.076167728379115,27.70021270348066,19.13889689864674
2000-11-20,-1.0121098832735154,-19.617298659146286,27.526393959727606,18.655753995333107
2000-11-21,-2.075979200601582,-19.3527149769148,26.014609973910943,18.619131881606055
2000-11-22,-2.2315551838202112,-18.31371151891036,26.186394356354175,18.523667533358985
2000-11-23,-2.8763343617852386,-17.42454324047735,25.60119803338425,19.44411621396283
2000-11-24,-4.169573129762143,-18.285200233740998,26.88333864285322,19.7246998589916
2000-11-25,-2.868182265900418,-18.94969421429757,25.404482514616195,21.595371833838048
2000-11-26,-3.2687119610999096,-18.4280298539752,24.588259119346176,20.787387190523113
2000-11-27,-2.2699119525079636,-18.277954570675533,25.850277118518818,20.988151641555287
2000-11-28,-3.788398723248319,-16.347915365451946,25.12080911405638,22.3915553834492
2000-11-29,-5.667683202429281,-17.770775995035365,23.610288843445225,24.02773607457031
2000-11-30,-7.9794676969835425,-17.578690554387297,22.771579505588022,25.352587734790966
2000-12-01,-7.3612467428574835,-18.254511756741312,21.700385444780636,23.68510126890905
2000-12-02,-7.586401172929471,-16.7698433584022,19.960707533462514,22.161812504463555
2000-12-03,-9.3047614635912,-15.900686088801441,19.97579939155059,23.998499519464456
2000-12-04,-7.753540546557989,-16.809728899023842,20.014486934955844,23.61933801069713
2000-12-05,-8.187668981348546,-17.168291918089267,19.05069728692249,24.19801876145479
2000-12-06,-8.765346462173783,-17.908587541623646,21.1076367739328,24.63549494764458
2000-12-07,-8.904528131289968,-15.622903889260986,19.49659467107314,23.417607169005873
2000-12-08,-9.089466783184395,-14.954884344769084,19.241793769605717,23.607854487498802
2000-12-09,-7.265748463536401,-15.608731733273636,18.90629156404661,23.065866633200617
2000-12-10,-7.930123013858481,-14.324977019301702,18.400537026896746,22.37645652229306
2000-12-11,-6.512569953366825,-14.52013738712321,17.07224208967137,21.308112252837102
2000-12-12,-4.047181567977566,-14.601198717768948,16.188755016623247,21.67595989313211
2000-12-13,-3.672955044453178,-13.979367284928571,15.157364743579945,23.098478231202883
2000-12-14,-5.9597582646498495,-13.448588003217466,14.847119004099973,24.820082172684767
2000-12-15,-6.316718908876838,-13.71753725776226,12.91364127589409,25.140324399179452
2000-12-16,-5.683298225717088,-13.484682711991223,10.787252143720766,25.166154796621758
2000-12-17,-5.995656512451077,-13.113008719186114,10.838500086846613,25.208830950838966
2000-12-18,-6.340187632234405,-10.565255485351013,9.83092405207001,23.594984065236773
2000-12-19,-5.201945648808387,-11.721919737982102,8.960797866418735,23.940141218867502
2000-12-20,-4.730769853494625,-11.290604264259171,10.119799394551665,23.42899733905086
2000-12-21,-5.2457092507924346,-10.982013742728206,10.155855900122852,24.13584205859279
2000-12-22,-4.653592286576547,-12.447962434361298,10.277454456915304,24.01484249826423
2000-12-23,-4.225034239603122,-12.83471725820607,10.863790511943913,23.740498310140776
2000-12-24,-5.057521889728441,-12.091216596502251,10.064058478125819,22.94484321343207
2000-12-25,-4.723993425582266,-12.739238568438894,9.377816997668933,23.303018223482532
2000-12-26,-5.630846873373848,-14.466277524465822,8.95461607396164,22.659411708828763
2000-12-27,-4.980815418396219,-13.801697305707766,9.718679463314723,21.60667026697546
2000-12-28,-4.464598775784834,-13.857363471026908,9.398391233122396,21.75232173268582
2000-12-29,-4.0759139736933765,-13.83327723413331,9.195873796957587,22.080494091217478
2000-12-30,-5.388124575502525,-13.452227548980868,11.074217931893758,22.77859026360287
2000-12-31,-5.182749028422189,-14.1973557006527,12.349610604918452,22.000519620112453
2001-01-01,-5.7560234675687365,-15.251309420099542,12.428525085102585,20.70347058096227
2001-01-02,-5.518435349243794,-16.55770148485947,12.45667743985787,21.39881753262045
2001-01-03,-8.145624953713977,-15.907378563808685,12.38850647453701,20.217785414230942
2001-01-04,-8.09801363681266,-17.044551334563888,13.18768692495878,19.593753396527635
2001-01-05,-7.806634516393988,-14.856884393075696,12.7622185233909,19.33024670868965
2001-01-06,-9.009462211186321,-14.76687398029166,12.08290305808758,21.037084474135014
2001-01-07,-9.225186503820684,-13.639028194330924,12.15785155638669,20.979092846574403
2001-01-08,-9.753514640927797,-13.836498021048449,12.249075076256831,21.347832752258242
2001-01-09,-10.15875492431299,-13.634015343275003,10.842061633305848,20.32327435670512
2001-01-10,-10.876526980804742,-12.379101540816688,10.111432063325463,21.26040537634516
2001-01-11,-9.1568525351541,-10.625067277256571,9.025114210033362,20.687602124935413
2001-01-12,-9.269103903982092,-9.075074786733081,9.732012554800006,21.6394446081735
2001-01-13,-10.87899159241773,-8.961555845363701,9.676739295374512,19.9328266476584
2001-01-14,-11.583616801150335,-8.703855961187813,9.994311294113192,19.660778369496665
2001-01-15,-11.395920360553944,-8.558562748178877,9.534028487895615,20.732456740620744
2001-01-16,-12.605915668679952,-9.063082291244742,10.062920298006159,22.363484451821897
2001-01-17,-13.897289918605445,-10.696365454255048,10.512672230847206,22.063000692529407
2001-01-18,-15.296304466558954,-8.988239046990099,9.54861637278282,21.74366459349007
2001-01-19,-12.708479995520062,-10.149826074023828,9.424573389493169,22.261379506789257
2001-01-20,-10.986023746527701,-10.081499233942822,9.204662128326284,22.46024891923043
2001-01-21,-11.034176864078793,-7.717289729196201,10.049611066246326,21.26429160845024
2001-01-22,-10.85225254009181,-8.036208709982574,11.442988902233303,20.75463664729172
2001-01-23,-10.18441813989153,-7.516478665452783,12.681010382858362,20.248826731484105
2001-01-24,-10.48896562465318,-7.88279223905605,14.095148172388749,20.55667818888792
2001-01-25,-12.668202663705385,-6.854954924930534,15.628808361268192,21.0754076156229
2001-01-26,-13.437843093002353,-7.493369505730681,16.428694238036275,21.71927209705515
2001-01-27,-13.763192348541118,-8.044015612163896,14.67954757190806,20.251542318098686
2001-01-28,-14.104495766031844,-8.519064463682664,17.125355584069794,20.332750583768906
2001-01-29,-12.316783998281155,-9.716359246945467,17.989709743152826,19.30167260429546
2001-01-30,-9.946884064020942,-11.770861021867724,17.50994801130711,20.338733830711558
2001-01-31,-8.172175168886369,-12.653584737574844,17.72436336641136,20.696648877810492
2001-02-01,-9.02353638915781,-12.445924027580334,17.414355467687948,20.4835186926512
2001-02-02,-9.847884989940301,-12.186582024123322,16.935799244962283,20.378298666670172
2001-02-03,-9.310379076673806,-12.413921044136718,17.10744726573696,21.448143143642515
2001-02-04,-9.160931715698652,-12.723202971849501,16.49128220859612,20.124031269606935
2001-02-05,-9.978839460284847,-13.379712450517616,17.240137401837373,19.4151303545767
2001-02-06,-9.609147952637143,-12.389023083274111,17.818025079427663,21.04619294692222
2001-02-07,-9.54532134044776,-12.180756950130561,19.78632421877555,21.833859192685072
2001-02-08,-10.335965279879597,-12.80628537235269,19.705643232804032,21.799649492034064
2001-02-09,-10.541098642114381,-14.391661138619101,19.057187143330165,21.06044427110293
2001-02-10,-11.715881334857746,-12.9824053651023,20.223394510149046,20.509336653116954
2001-02-11,-11.837911889148266,-12.820632099668448,18.81155756882838,20.61954592216501
2001-02-12,-11.26544608402769,-12.230929880738065,20.82622206748932,19.557054356445846
2001-02-13,-13.078044518534695,-13.491996826048856,20.47110381201436,17.882228021144936
2001-02-14,-12.75987700151854,-12.703682311206226,20.987051707461752,19.372698224956896
2001-02-15,-12.648803737274159,-13.832498991549045,21.05794730396823,18.076946100182873
2001-02-16,-12.083060881445137,-13.36935181461656,19.549342518581238,18.646546988343257
2001-02-17,-11.707752320945781,-14.072724031815898,18.808143998580416,19.53317604277194
2001-02-18,-10.380598240010663,-14.973170322243886,18.156602786885713,19.40486163588695
2001-02-19,-9.041759923893617,-14.770462978909325,17.81978621660449,19.925679956145398
2001-02-20,-10.521416126511394,-13.39481626704694,17.498176873259723,20.139563009183128
2001-02-21,-10.997978945677104,-14.029371557965506,16.223364851309935,18.44444699866629
2001-02-22,-10.829570248326926,-13.73586561621283,17.256711251240873,16.906336985391654
2001-02-23,-10.815354210930776,-12.180306698907994,16.96251083537985,16.597719995417282
2001-02-24,-9.878404714204715,-12.256493400299373,17.812443868244298,16.56753399074838
2001-02-25,-9.858078030440806,-10.893400527343585,17.286860327979333,17.2171945494514
2001-02-26,-10.027242904784744,-11.324411763449854,16.988162724922034,18.784441038918605
2001-02-27,-9.941928678196465,-11.277008151758501,17.14846109974323,19.50913048025659
2001-02-28,-9.407133448793497,-12.144765371100984,17.98285979099433,18.82356368145917
2001-03-01,-6.372944051274725,-9.677463583766539,17.34618894836972,18.80874089397543
2001-03-02,-7.454453210808602,-9.049931408147195,16.37246142557024,18.040515357538734
2001-03-03,-9.480303149093867,-8.291658973647777,15.854516010378624,17.450118235365096
2001-03-04,-8.889392183561668,-8.707108784455443,14.50965705973356,16.517197632177854
2001-03-05,-8.09926081350083,-9.831896720686686,14.985805810409566,18.2983334768576
2001-03-06,-8.45760583060239,-9.08209842805419,17.538524068531693,18.443930149817337
2001-03-07,-6.526177033828104,-8.926043874325899,17.588500380964494,18.053588277396386
2001-03-08,-7.968530470086116,-9.300297268760024,18.505767370636047,19.18814575536141
2001-03-09,-7.061469982970467,-9.012328069137117,18.975529758522637,20.389698495631745
2001-03-10,-6.695817174602714,-8.591733911308529,19.909540227740283,19.529197120920557
2001-03-11,-6.533070738105656,-8.767755487045521,18.925131937852612,20.409629704232
2001-03-12,-7.718301293847091,-9.136613535759604,20.89831645844168,21.272405646536754
2001-03-13,-6.247573630255651,-10.80391788310293,21.4941494678412,21.502223369666503
2001-03-14,-6.944748107987195,-11.497729430438582,21.90959232587169,20.93142065486779
2001-03-15,-4.920025310749425,-11.974572440481003,21.348329823951005,21.052898224896676
2001-03-16,-6.094810494281962,-11.723249645152835,22.071359652795987,21.142679344187247
2001-03-17,-7.2117342444737815,-11.703039979791825,21.798288895972384,20.72910497162939
2001-03-18,-7.434763802320809,-11.169895225085098,23.55488916478157,20.694802121574714
2001-03-19,-7.610230612441743,-10.477192693390796,22.245556193236002,21.213311669078653
2001-03-20,-8.295644340976217,-10.25586605374217,21.384544920776147,22.290531413918497
2001-03-21,-7.707550178864963,-10.298273435828017,20.692209933343765,24.33895650833068
2001-03-22,-8.794787481807548,-9.624045614989344,20.307743972925465,24.92116726251089
2001-03-23,-8.340387823005393,-9.906381088626814,19.08821248639797,25.939427317511466
2001-03-24,-9.408541608353588,-9.15444431947473,18.10536264141482,25.60668663131034
2001-03-25,-9.055150610821183,-10.815431131988097,16.339549267417183,26.521128812419228
2001-03-26,-8.672601466771503,-9.8816312865075,15.866270154734776,26.857851612166378
2001-03-27,-7.359127469834017,-9.10620682649781,14.646215451319705,27.51403153791919
2001-03-28,-7.697203741789895,-10.53812475501335,14.828957336456408,26.713853857449983
2001-03-29,-8.907616207587251,-10.909950196879805,14.447526622687835,26.752722917598945
2001-03-30,-8.662330259168506,-11.997192264827447,14.12948225053121,25.92846967813897
2001-03-31,-8.71319769143742,-12.226221513607909,13.792938006630559,26.880006839837694
2001-04-01,-9.151226545491594,-12.49187694440692,13.173438054553623,27.32893682668157
2001-04-02,-8.303350003817174,-11.802529092860762,12.801023060155329,27.277443917663124
2001-04-03,-9.397247751887093,-13.072821906972404,13.775564649787597,26.78373068916384
2001-04-04,-9.376569634401681,-12.471054683397998,14.321388754323792,26.203836931843664
2001-04-05,-9.097599698229166,-11.69351692585362,14.53590498028039,26.74917361504574
2001-04-06,-9.028736171365399,-12.917670495322323,13.531516713193154,25.3320997895103
2001-04-07,-12.521471417575116,-14.647398667064262,14.25272020741614,23.703059159907248
2001-04-08,-12.101219712968565,-13.906726191488946,13.171123557727988,24.645661424739675
2001-04-09,-13.214344859728934,-14.973148284978816,11.58593989917096,26.34575910004929
2001-04-10,-12.104232832724717,-15.903409232004137,11.882206910369876,25.966312805965803
2001-04-11,-11.729761542318037,-16.1430950072209,11.959992147630695,25.6568433522444
2001-04-12,-10.952513176096248,-15.616481974160127,10.05163392545676,25.748524376326202
2001-04-13,-9.828828533068009,-14.788753731677973,10.630628567703813,25.201361085195504
2001-04-14,-9.314007267364076,-15.3226628216682,9.122739544070948,24.89103494986338
2001-04-15,-9.428370367593935,-14.718086633196133,7.0781025064860845,24.15247827835728
2001-04-16,-11.34890913704072,-14.400978193109168,8.153391476434237,24.031986952754192
2001-04-17,-10.352282989373089,-13.230318611145869,8.089168913506871,23.956250219404943
2001-04-18,-10.893590711251617,-13.907999009648773,6.706697980930944,24.602515760778832
2001-04-19,-12.266532378659445,-12.299668990145868,6.610331788088237,24.761586064591146
2001-04-20,-13.223247470008682,-12.688063911410683,5.804635927667875,25.975336188766807
2001-04-21,-12.757811053309952,-13.266475394609342,7.273048938555224,26.1347801473382
2001-04-22,-13.466491815928013,-14.76602524548776,7.1025196636657535,28.11317380364549
2001-04-23,-12.859371561071619,-13.243681260494597,8.860280101966211,28.64373034868346
2001-04-24,-13.646851667139666,-14.293663436164179,7.329296019100592,29.117127609594288
2001-04-25,-15.929998311244795,-14.552366407486543,7.984025190114763,28.45507323947677
2001-04-26,-16.811345665241703,-14.540768735447571,6.511343829206496,27.22835635434762
2001-04-27,-17.150139737662276,-15.574176874390897,6.27569801369609,27.268498873420135
2001-04-28,-16.249523701281294,-14.075198419485929,6.627244661588128,27.326700022892037
2001-04-29,-17.26679352421047,-13.969682429625678,6.337906599337113,27.915079314503483
2001-04-30,-16.949382703210254,-13.569121102602848,5.962414151352275,28.51323342723638
2001-05-01,-17.395531441580893,-14.396493121346948,6.368263045281543,28.922244409748597
2001-05-02,-18.269093149586105,-15.486586630497277,5.5470886348701915,27.459975278142938
2001-05-03,-18.03025714230085,-16.161458290968064,6.910888739098716,26.294849725197096
2001-05-04,-17.61988115819872,-14.987292072715881,6.044739106289846,27.692965730334187
2001-05-05,-15.556915209239968,-14.900797661177371,5.367136844949714,27.048661724077025
2001-05-06,-16.679270448991804,-15.858927516225364,5.446941536724381,27.48986065595389
2001-05-07,-17.005618391057805,-16.754481860450277,5.030568005887869,28.39650267722688
2001-05-08,-18.369906497209364,-17.09536183770795,5.143811246059117,30.01116115701521
2001-05-09,-20.9552863342656,-14.880098351381896,4.8284010181316175,30.907067928388393
2001-05-10,-19.934676370751706,-13.488323834542072,5.635861152591828,31.68354630842154
2001-05-11,-20.844181598268165,-14.342065365842156,5.659292580408356,32.17242990218859
2001-05-12,-19.523489913453624,-14.655171173950205,6.662355077391185,32.211948672377915
2001-05-13,-19.311581900017593,-14.503068839793876,6.453527284047832,32.57516976927873
2001-05-14,-19.47553812421063,-15.460342604384529,6.994270228408295,33.84075283174125
2001-05-15,-19.033901477069634,-16.379153764320485,6.810297600197359,34.43267609908859
2001-05-16,-18.043724574389454,-17.498831586681177,5.689379840405393,34.25492026612341
2001-05-17,-17.744179689335837,-17.557544545803832,4.923507597929642,36.34521627861888
2001-05-18,-16.967876564089156,-17.230085718382167,5.1044435449161885,36.01994263749027
2001-05-19,-16.440321429676114,-17.726810143562,5.083821721146538,36.39087388827427
2001-05-20,-15.58206174067061,-15.961114971646571,4.791921415878606,36.95156125874477
2001-05-21,-15.554896874302935,-17.78831028590412,4.548686560626886,38.11308010658105
2001-05-22,-16.153770138038524,-16.627038306906062,5.262160294731126,37.102270949074985
2001-05-23,-16.015629222277074,-16.87495747863187,5.490250999954579,38.56871887600067
2001-05-24,-15.587564600994394,-16.962262542185552,5.381302959414331,39.20209821357896
2001-05-25,-15.190097170134743,-16.815255841667266,4.3896863673241855,38.33505443785479
2001-05-26,-15.534574986012323,-18.47964818231519,4.443529153414889,36.1180483251014
2001-05-27,-14.086651662008059,-17.342918180551536,3.7515509643994407,36.19747413460618
2001-05-28,-13.330987772037963,-16.035361352832346,1.7296203483779458,36.041623891307424
2001-05-29,-12.923975077891045,-16.466795297518573,2.799531206167739,34.93847165277501
2001-05-30,-14.42061843233849,-16.31856722394725,2.9839218081414667,33.050196766189856
2001-05-31,-13.96332452132194,-15.68079139255999,2.425915522739677,32.549747749055655
2001-06-01,-13.19705993506889,-14.69404731308176,1.168606530648674,31.098698842379846
2001-06-02,-12.988449246789331,-13.502619167272892,1.2224695332791187,29.547025530208288
2001-06-03,-12.893927907820029,-13.867212201580152,1.9203068826973213,30.221853743354124
2001-06-04,-11.937010031983283,-13.231315842265046,0.39909547803040946,31.071892522907575
2001-06-05,-12.071676617132402,-11.66200586028458,-0.10226010018327913,31.566792308013337
2001-06-06,-11.76391158686335,-11.143956113851964,1.2287383598634563,30.50107458785555
2001-06-07,-12.034368015448479,-9.678071215178889,2.456265346993095,29.60348409371588
2001-06-08,-12.060904663677805,-10.357320956471046,3.071038667282618,28.671814188009176
2001-06-09,-13.854414684711122,-9.60023941359813,3.2138381424216145,27.638795562131673
2001-06-10,-14.634703103324956,-8.891315794163809,3.0529093437031336,27.694279399958535
2001-06-11,-15.133482995778103,-10.162497661605144,3.209249115544999,26.796806124837445
2001-06-12,-15.2810493885797,-11.414126051961338,4.360200478893024,25.800740889335167
2001-06-13,-15.985052981519729,-11.906405113705183,4.957276724262276,27.119753910791626
2001-06-14,-17.860842923513463,-12.610575198134653,6.398734905397439,25.84468771969886
2001-06-15,-17.31921104206465,-13.870196250806336,5.918138662042368,25.022451731011884
2001-06-16,-17.874094411010116,-14.011225328488194,6.258019626786814,25.542807563406626
2001-06-17,-17.694574246079437,-14.064659203710322,7.62178219714785,25.29153930823971
2001-06-18,-18.472913471977567,-15.359624260743296,7.464857720964428,25.429541124945192
2001-06-19,-18.43054894745879,-14.681043461554799,7.184406329408708,25.967006181013666
2001-06-20,-18.953277535817655,-16.000807512561252,7.29762904966595,24.472373484108797
2001-06-21,-19.033330243050944,-15.168621529039827,7.278097286869858,25.211077486562537
2001-06-22,-19.56068102754045,-14.577075593252635,6.737077123249485,24.569065327156647
2001-06-23,-18.76806336217122,-14.044872993572946,9.206176147568737,25.780578725845807
2001-06-24,-18.42463521993673,-14.03513952270736,9.284289089660213,27.579809081480867
2001-06-25,-17.343843552503543,-13.29130099112593,10.152894713231188,27.168486367057607
2001-06-26,-17.67440951427132,-13.256920819140104,8.711176140723037,28.91419945121825
2001-06-27,-18.63636506841352,-14.485856902305398,8.653959884270844,29.953425392951075
2001-06-28,-18.10175258673114,-15.021168498007091,6.952689439325201,28.445277990821772
2001-06-29,-19.498439439943432,-15.232668861946733,7.081958777762979,29.491340951881384
2001-06-30,-18.11255995278188,-16.304354345439634,7.081706333698744,29.475969061114085
2001-07-01,-17.15175274137617,-15.887757763979188,4.9093543976669425,30.597713696802753
2001-07-02,-14.863263721091748,-16.880187012350863,4.444925565108757,31.533496375193824
2001-07-03,-15.617350293834148,-17.695359607221395,6.499657979663327,32.25685751693405
2001-07-04,-14.37844005879035,-18.91619659049549,6.90252772996819,33.73533051724922
2001-07-05,-14.399460538880426,-16.942985279514417,7.278292677291771,34.27707896894595
2001-07-06,-13.240637598843348,-16.697560596761477,7.6686685183939955,34.6824112866782
2001-07-07,-12.906303024340305,-16.71383719518873,8.361454136817521,33.84000431847492
2001-07-08,-12.618829606491415,-17.56932983619409,8.293212859172044,34.110653229998555
2001-07-09,-13.105794968075376,-17.75760536499763,6.449872768901493,35.27669288933523
2001-07-10,-14.245821550409175,-16.491313612723967,5.919933009265701,36.50397203962928
2001-07-11,-12.212188920288916,-14.710988691478867,6.343181241223829,35.49760663478246
2001-07-12,-11.30094395795918,-14.877613867955011,7.122483328785472,33.384993702426804
2001-07-13,-9.165696768641313,-14.246812761038294,5.871121058562909,33.049153655639635
2001-07-14,-6.925994830565704,-16.05844790094941,6.103101006831615,32.88673280426445
2001-07-15,-7.172200726395161,-14.105852137206544,5.2036890374236915,33.81329974014261
2001-07-16,-8.095055544970453,-15.417055156869441,5.764447075381967,34.19658068297803
2001-07-17,-6.478604964539776,-14.243407987190476,5.821404249047911,34.2772309083525
2001-07-18,-4.040579206321438,-11.648192288990662,7.081157211798054,34.405465446959404
2001-07-19,-2.612765907069246,-11.191643557736736,6.896871302055113,33.932395877270686
2001-07-20,-1.1948718557405626,-10.263605270488693,7.961218400874298,33.77558708379703
2001-07-21,-1.4218215512190695,-9.483267094276743,8.419790409544609,32.971590653107604
2001-07-22,-0.8916809920232921,-8.684930594327152,7.612769948097691,33.88362665187693
2001-07-23,0.6912049722453816,-9.219672521882224,7.4061631237145855,33.063834421161275
2001-07-24,0.9243555388654057,-9.383665677674736,6.036451094253893,33.46389819580054
2001-07-25,2.22901499459891,-9.001295232233165,6.772957563425281,32.14599023855831
2001-07-26,1.36830984874068,-8.755400978991242,5.729893317068168,31.334884512600652
2001-07-27,1.295373979768341,-8.761495363210363,6.156197661472062,32.69349541923976
2001-07-28,0.9711134555520409,-8.362596391752458,7.085201395697947,33.21428146862387
2001-07-29,-0.07593119610749821,-7.970821568173585,7.68878002192761,33.74423440323661
2001-07-30,-0.8702197305687303,-7.023051248055555,7.440621312524426,33.717488365154985
2001-07-31,0.04486089926576009,-8.232354074602913,8.0253302593507,35.89869481514446
2001-08-01,-0.7741657144773667,-7.859183818089172,8.283453538577438,35.871598987500995
2001-08-02,-0.8913609585859684,-7.629436251665101,9.315948664832838,34.53042791470932
2001-08-03,-1.009049185993749,-6.590049647412453,8.626777201492168,33.636718617199925
2001-08-04,-2.0330377682359435,-7.017829446472397,7.295576093771223,32.92138862679785
2001-08-05,-2.8927225863654638,-7.264874877014845,6.779291651915472,32.552383377872104
2001-08-06,-3.3166236807325418,-6.461138757575906,5.20506686859142,31.713007634592362
2001-08-07,-3.6390465512811985,-7.874674008568867,4.077546687759051,33.16684663066917
2001-08-08,-3.573973042735878,-8.844427995622265,6.166698856776252,31.202479278184892
2001-08-09,-2.8700182830629624,-8.76977925408278,7.8079652765151835,31.178017810926164
2001-08-10,-2.5552991882556246,-8.197100776608623,9.15915907360073,32.23462948849382
2001-08-11,-1.5242726725145,-7.207965550822922,10.031989421879162,31.602337551807693
2001-08-12,-2.814867009276698,-7.298600784959598,10.280097566074875,30.146775189981568
2001-08-13,-2.696326014994334,-9.269222935622908,11.04160895680892,29.61011577438714
2001-08-14,-1.6220100043005385,-10.550370393056482,11.548957656235851,30.766316856615585
2001-08-15,-1.669797893464882,-11.551620591945337,11.245024917314566,30.14300701415243
2001-08-16,-3.194734970056917,-11.770722575628957,11.802496084314258,30.799242100751282
2001-08-17,-3.363602435613633,-12.728699353988336,11.21609221771853,32.321370998479196
2001-08-18,-2.5281542663492544,-13.127982431769375,9.615157739424962,33.4106635995015
2001-08-19,-2.7561576900057405,-12.081855244030525,9.73368065501981,33.19335620709337
2001-08-20,-1.5835362386458205,-12.074624635020216,9.965363019056326,34.47102187786671
2001-08-21,-1.1143694003401419,-12.22708394731225,9.564643054416354,33.97809100591513
2001-08-22,-1.418832261139765,-12.58852726832136,9.758350196613629,34.685773510583886
2001-08-23,-2.249709830934251,-11.370901243251724,9.21584070699892,32.02009015976438
2001-08-24,-1.2139499313663877,-11.672677712295416,9.485645280417904,31.597238986384237
2001-08-25,-3.146294289633928,-11.281738741078561,9.014226994921767,30.959127602195622
2001-08-26,-4.85086003054741,-10.019053457835797,9.280818006801134,31.18100355673933
2001-08-27,-4.270500345932964,-9.364580973329709,11.445522841452169,32.26533783298864
2001-08-28,-4.3524014552796295,-9.705137579551664,11.216652230920042,32.34555747654174
2001-08-29,-5.395216929384085,-10.007337241562384,11.678282025947532,32.255336679688725
2001-08-30,-5.14460105842306,-10.070786967342647,10.925094348520421,32.237775706446584
2001-08-31,-4.727633636955631,-9.502982750776528,12.02972222041833,33.36909687377096
2001-09-01,-7.40008003497299,-7.724114924587099,12.140424793181914,33.95396432004196
2001-09-02,-6.691382642178512,-9.120045702847573,12.607763666124516,34.1676082504909
2001-09-03,-5.450435492563416,-8.577339514205573,11.622378448001308,32.67220129823059
2001-09-04,-6.465714539758512,-9.486031924042013,11.13060143585206,33.05480829771826
2001-09-05,-5.665188282008038,-7.485644132117714,10.733124935815056,31.80075714421735
2001-09-06,-4.475214517808011,-6.4852281252107,10.96768564262538,30.217517925906055
2001-09-07,-4.048803794761669,-6.198044992383794,10.695258723531852,30.153438667983863
2001-09-08,-4.7980174158608255,-6.41498998713698,9.833697954287022,27.810243981681502
2001-09-09,-4.944090618660458,-6.22743666865391,10.553731169140768,30.346261555367334
2001-09-10,-4.623147062671446,-4.397111969075521,8.917481050673867,29.625912885937552
2001-09-11,-5.900664657915105,-4.779247963835283,7.442623590842119,29.911147239374284
2001-09-12,-6.192247769716758,-3.8046862891747066,8.845280375516753,28.20173160572579
2001-09-13,-5.5457316455425865,-5.037044742557072,9.721068615070385,29.363685801799548
2001-09-14,-6.530889763561495,-6.1043098624326495,9.23403674982237,30.355332556897814
2001-09-15,-6.731041938799381,-6.8460286721670975,9.992145092273333,31.3639978994105
2001-09-16,-7.062918944504383,-7.250454779847324,9.080419681214558,30.154841090831546
2001-09-17,-8.409076970487138,-7.7778617109180335,8.42982967640024,29.7077707126017
2001-09-18,-8.232993737846012,-7.681253901215831,7.82900552591241,31.328552586998743
2001-09-19,-7.725983018045177,-7.07785661293183,8.031566628553058,32.49115548564188
2001-09-20,-7.506727696666766,-6.869881443447362,9.252170368243265,32.88215660438924
2001-09-21,-6.809656017650321,-6.913121639387333,8.831612755523558,33.0046064972101
2001-09-22,-6.3437948928178285,-6.155757606175143,8.447935248195247,32.30796528479101
2001-09-23,-7.015620822270731,-6.234246649424564,7.956946729666772,31.487955854749924
2001-09-24,-3.9510079258147033,-7.195628282137122,8.20871319681932,31.32597045666187
2001-09-25,-1.7877526580068195,-5.679469869941091,8.637095359071516,31.62142663493488
2001-09-26,-0.29372400654029485,-6.074449447107912,10.01558122350035,29.26725029321572
2001-09-27,-0.9880032457507051,-5.243499239880718,10.014511827926606,29.683107094000462
2001-09-28,-2.163826673883016,-4.77618027819819,9.426118137493946,28.875475071456023
2001-09-29,-0.30929612710991305,-3.6497308829748056,11.496287667904157,27.793697050445857
2001-09-30,-2.4732467315615496,-4.608830791095928,11.565422386082533,28.07419295740682
2001-10-01,-1.7055122487290586,-4.963106817141342,11.756758899299648,29.088526081643245
2001-10-02,-1.2302487555750283,-6.163233114016627,11.471595083520334,29.080749233628442
2001-10-03,-1.8679358260532193,-7.677493036696761,10.851888679931404,29.721705365108043
2001-10-04,-1.784043268889325,-8.703540457011528,9.172638304345881,32.07443465551748
2001-10-05,-3.431928676128895,-8.52488952074531,9.289308374758285,33.40488797076573
2001-10-06,-2.0726693043796223,-8.969587173950956,7.920425716037047,32.52890758109885
2001-10-07,-3.3723238580098096,-7.339562091242155,7.547867614642315,33.21626624369835
2001-10-08,-3.807088133032714,-8.465636356786433,6.936354135035035,32.62443311634893
2001-10-09,-4.56334510224896,-8.155285553972348,6.012691312554196,33.46112935659875
2001-10-10,-3.9613813522547394,-8.835679997403895,6.38524982549327,33.92084573509557
2001-10-11,-4.045860475149365,-7.776144619726053,6.766433771562086,33.46861344713955
2001-10-12,-3.662807844309832,-6.032494684858782,7.578468938359623,34.100049254387855
2001-10-13,-2.9329263654522935,-6.4142221650803055,7.064389858693135,33.52650064488148
2001-10-14,-3.456167835371453,-6.100896345186188,7.356984499661578,33.519954748909335
2001-10-15,-1.7206955684681804,-6.901219760165275,7.374394180470021,32.55593575759632
2001-10-16,-1.8339205419921714,-4.761993119313134,6.366898688305335,33.97436466200008
2001-10-17,-0.13978179610614982,-2.149980443978586,7.594148839285252,35.53239504361527
2001-10-18,-0.3943395526162809,-3.1082188462114586,7.25933391160818,36.30582627110393
2001-10-19,-0.3453994148295488,-2.2234712339719342,8.845952457939113,34.14569951326811
2001-10-20,1.4073224611848496,-2.112671139015851,9.44089037365447,34.2490034298524
2001-10-21,1.1201409869271477,-2.952473725144094,10.131218099401984,34.97341346886678
2001-10-22,0.962520683709455,-3.986285481315662,8.105482891998191,34.56780291399711
2001-10-23,1.8282392150256062,-1.9934584031553315,8.588244495852583,34.64042009647487
2001-10-24,2.44871371749735,-1.161497786659727,7.895204684193958,33.19785915583703
2001-10-25,3.78822348241156,0.0442649283434271,7.9119279686237665,33.04330825830107
2001-10-26,4.440096487816087,0.849636677475757,8.044522520311157,33.353624315470945
2001-10-27,3.583203085773291,1.64351232479745,8.340809397201586,32.08697151102264
2001-10-28,4.0746307867986555,0.8983134666362962,6.961039043559991,31.095254322268826
2001-10-29,5.496942077119667,2.1319326320255407,6.681445426788701,30.992480855300837
2001-10-30,6.434742990093808,1.586088857323261,6.087561850443846,31.493910034602813
2001-10-31,5.853044422925382,0.35352470915933676,6.208946977908936,30.13230996530591
2001-11-01,6.271190603254313,1.07194141681894,4.959572668399095,30.36396287010889
2001-11-02,7.245357059874435,0.46219435984771384,6.000270235693834,31.058071569432034
2001-11-03,7.98460359791298,-0.011448904503289947,6.10126788992917,30.347576421021362
2001-11-04,8.598124193368507,0.04727627819662443,6.396723893701886,31.653811088753944
2001-11-05,7.912707282726089,-0.2865685823797036,6.088038939238492,31.850455707723125
2001-11-06,5.9958670763471735,-1.4714279906650916,5.91987497190768,31.38565542778144
2001-11-07,4.833614679009514,-1.693851923538842,6.495442456692847,31.657628121886454
2001-11-08,5.671743520843643,-1.6984100862144178,6.060457954195294,31.646914347956066
2001-11-09,4.8888253212604935,-2.6933023995517678,6.650054351833877,32.16106946508915
2001-11-10,6.125025127359638,-1.2000310025310341,7.459939244468702,31.707122402411372
2001-11-11,5.463030081131378,-2.0280676301948306,6.064805040490034,31.17329027587473
2001-11-12,6.478350252128502,-1.519470975400113,5.127577459731559,29.846338990430546
2001-11-13,7.270141052331622,-1.059086979066283,5.165763248272026,28.596465802713382
2001-11-14,5.121588871519412,-1.0222092393921887,5.792049612105698,28.225651140772538
2001-11-15,5.113477531282137,0.1099086710578212,7.012907005763239,28.711336066603423
2001-11-16,4.33074960272202,1.6556817275070976,7.715417107984885,28.151838523573215
2001-11-17,5.055372810708976,2.657130743734622,6.759592486757914,28.627941431073776
2001-11-18,4.047706305440579,2.966110588874427,5.752875849871801,28.85145538000087
2001-11-19,4.778184216335553,2.166767183835539,6.916094889462631,28.383858637875804
2001-11-20,6.568230542416037,2.795303773430136,5.9165752513927385,27.92799303097982
2001-11-21,5.849033722782249,2.9446478810342507,5.888620946954148,27.23920294922418
2001-11-22,6.163052061409635,2.566016225604206,6.351104007485923,26.897846145347142
2001-11-23,6.035192205267981,1.760942631612149,6.984487969697773,28.8166236880222
2001-11-24,5.275386969626128,3.5894926691968987,5.4655908018809685,29.585010022700008
2001-11-25,3.140712467148033,3.3723595701279105,7.045651549834449,28.53705609983366
2001-11-26,3.5605438401561464,4.15910776088563,6.557457744613129,28.290943542080335
2001-11-27,4.370434881474005,5.451457008614431,6.381946963485331,27.83739937958755
2001-11-28,3.942450991465213,4.653288302016242,7.325833940635908,26.717892000605744
2001-11-29,3.570820259076874,4.752931685671551,7.912105357530535,26.64778502014447
2001-11-30,2.9874016118202915,4.941904972836964,8.15580168061132,25.487690309094525
2001-12-01,4.668129468952219,3.9178208803468277,7.625030468099627,25.55325649919101
2001-12-02,4.679640162391165,2.8626802312492976,7.306037568247493,25.203488863887024
2001-12-03,4.651206888425591,2.8365726086306022,6.300342277070387,24.67994013965121
2001-12-04,5.167217229032261,1.6290654140956815,6.100699074994861,23.72788340721598
2001-12-05,3.528752051960937,2.6427438182502443,4.463195191683537,23.665444529636588
2001-12-06,3.377233102953452,4.250942163706782,5.265028881520006,22.709576134879665
2001-12-07,3.4250925291379177,6.694947658060016,5.787111284240529,22.65492748137496
2001-12-08,3.440343376733245,4.95043894566562,6.935522888396532,20.67672067088852
2001-12-09,3.3519773947634417,6.090470275891509,7.850751614560143,21.289278725304616
2001-12-10,4.5491879100775,5.98107263565681,8.091754130955456,22.00702246727621
2001-12-11,5.388375782629309,5.390559939228281,8.878752272514406,22.339805312597345
2001-12-12,6.328261622306306,5.424479436358036,9.433598490560735,21.8326691873233
2001-12-13,6.1236663475763455,5.142136193676159,7.469588466350525,23.894419138253866
2001-12-14,4.432946227366139,5.7188318737761765,8.408892496783192,24.74516079380219
2001-12-15,5.520638317394219,6.412688327058567,9.00968460164967,24.46065233930029
2001-12-16,6.5578529964052485,5.695597990231894,7.9665468862966,25.449739423197684
2001-12-17,7.197344101401393,5.022441921339776,8.11121358985863,25.020645450038344
2001-12-18,7.007466096321551,4.8378784933337515,6.951107180251615,24.748585918373912
2001-12-19,6.588934961948521,4.8725784218435235,6.417834472147427,26.49714677964638
2001-12-20,5.840324418105544,6.3742663752864415,7.0314953959316036,27.595733691172025
2001-12-21,8.118444250002725,7.651663973089544,6.17359289183015,27.853616485333728
2001-12-22,6.6890469903482535,7.460383889973556,5.24746342550404,28.21603034954231
2001-12-23,5.937874274031291,7.839397129977473,5.278569574239704,29.227925584303794
2001-12-24,6.592704846631901,7.044728645507892,3.319123622039839,30.093473570722594
2001-12-25,5.662005007845924,6.112145795571649,4.185341652242484,31.447142267281375
2001-12-26,5.467665741970332,7.714634003483905,4.755112865545664,28.018100956309905
2001-12-27,4.9657651903289235,7.459130188513026,5.343855532879502,27.157186919270035
2001-12-28,6.002815106273781,7.67371907745326,5.494146348251314,28.18724564397065
2001-12-29,5.383858730036215,7.27521530384918,7.189937934889499,28.236768173880147
2001-12-30,7.201751278735308,7.415915439654368,7.1693732373424846,28.766295716765732
2001-12-31,7.54247997406003,7.650123828799976,7.981117169216603,27.934987488459097
2002-01-01,6.893832415314845,7.702988517685227,8.426412343231888,26.929009391871695
2002-01-02,8.711174870452774,8.058041598020273,7.008607020996529,26.004052971082704
2002-01-03,8.426194131793773,7.142560599335466,6.677678090505254,26.040249084556876
2002-01-04,9.335283328448215,9.477492913850567,6.397883256152274,24.01514420191261
2002-01-05,8.983634825935749,10.842283374074896,7.15579548272347,25.05552141903049
2002-01-06,10.954694996761592,11.565757628764766,8.734131263864567,25.51448593424999
2002-01-07,9.159123881822916,10.787069703074256,7.970680955204298,24.023057501851333
2002-01-08,9.022692307147109,10.052839436571492,8.04554257318841,24.25685398454268
2002-01-09,10.433243545020082,10.551967153270597,7.4000231127415805,24.592094207936306
2002-01-10,13.623499912351837,11.37614742244696,9.13418584529773,25.36980574128671
2002-01-11,14.43444229873838,9.708177021896029,8.787586032265692,26.122874688736562
2002-01-12,13.818173009320788,11.23499281136872,8.263823853269535,25.68079620138508
2002-01-13,13.852553180267003,11.470584352169137,8.990976314787863,26.614198859990342
2002-01-14,14.757490348674033,11.295206556468798,8.54231128969511,28.10002685050185
2002-01-15,15.400442137183562,9.811772508073556,9.463821137785125,28.40938298812584
2002-01-16,17.114947481261662,7.599581871574834,9.078248747787251,29.02536634968491
2002-01-17,16.686527087722258,6.383651556866501,7.863262972662,29.873976313373728
2002-01-18,17.788233372249195,6.359040311880772,7.242805850562583,30.82409090688442
2002-01-19,16.829719717957673,6.003480372447191,6.664178978788651,30.103585729881974
2002-01-20,15.526577521866342,6.245723089618162,5.199242551944828,31.595339087780623
2002-01-21,15.920429102868878,5.633863922641826,3.0165566531075,32.25151933950817
2002-01-22,15.067081123577688,7.323128875800293,3.285282688967461,32.20755496977724
2002-01-23,15.124169765741625,7.679500699278955,4.5562851190339915,32.05526400004214
2002-01-24,13.127160504012314,7.740959498837136,3.8124297457122536,32.68871270740879
2002-01-25,12.964789455291456,8.508647458545292,2.9990214882014934,33.130874228172615
2002-01-26,12.435084995013538,8.455682965044886,2.8308245825807603,33.80134008160966
2002-01-27,13.050163597077793,7.171602255900798,1.4972414183253882,34.20967568353865
2002-01-28,13.384616651969734,8.8983718141052,0.8112514884326232,34.06195026317089
2002-01-29,14.350111738743148,9.270340475464154,0.4920915794438396,32.470509422792254
2002-01-30,13.769196979076483,9.762393005157232,0.375037631860343,31.904018958577616
2002-01-31,13.690005466012764,9.599003359483442,-0.40436009822238206,33.26731636682144
2002-02-01,14.38497020743472,9.046685716040901,-0.1693289612216569,33.43914316129276
2002-02-02,14.044375424263631,6.8831368126293135,-0.28954029527436004,31.746011429291208
2002-02-03,14.242390518608486,5.07200087183476,-0.6063945389155101,32.524955928479926
2002-02-04,14.460381638016852,5.531545729355641,-0.8330134226751964,32.800012139580936
2002-02-05,14.752133186761032,6.478019757588715,-0.3570855980502528,34.367003997570265
2002-02-06,16.43296351934337,6.562503891305423,-0.5858801948942267,35.277388530920156
2002-02-07,16.048192867238452,5.226747872117769,-2.1870628135011465,35.47914724975726
2002-02-08,15.129044085114282,6.546642395451749,-2.539166281871863,34.62019611502291
2002-02-09,14.309868146185943,6.543663267522232,-4.005139529544026,32.584742965046445
2002-02-10,12.988457664698142,5.638930697370419,-3.0814074533404456,32.39838852231427
2002-02-11,10.777595603599936,4.63861863287203,-2.863835197282011,31.85270725248539
2002-02-12,10.910595454468321,5.570738320782244,-1.958253920402373,32.09859243780947
2002-02-13,11.09500884463469,6.886917285989636,-2.1215647894378806,31.1812603444658
2002-02-14,10.82287605636755,5.722000688451027,-1.283552708912317,32.62625890701283
2002-02-15,11.409808392445596,4.21291613452343,-0.27304505109472377,34.5403766258931
2002-02-16,10.853687968830636,3.8566614367407417,0.130288258880208,32.590328606854364
2002-02-17,11.101204471137425,3.1989054262081833,-0.5427619685966817,33.13113147612713
2002-02-18,12.632041817880134,2.6755179542663257,-0.5093222742184865,32.20653159650039
2002-02-19,11.433891762389134,2.1237102038903384,1.6869473080858945,32.375925357731056
2002-02-20,12.283130266535164,4.418259896410959,1.397836704115868,31.974426335395016
2002-02-21,12.708147977411558,4.040434661267757,1.8415907219253236,31.272092703511326
2002-02-22,13.883591194090293,3.4465233941001854,1.5007307984927918,30.072385439343204
2002-02-23,14.354022981202688,3.1536978262935804,-0.19217935513819162,29.51039146875931
2002-02-24,14.934048747195172,1.4689142645769095,0.3197468943882247,29.500057201824397
2002-02-25,14.844209935918274,1.6653048937995825,1.3944245603427539,28.956374878961856
2002-02-26,15.527317754562379,3.4841132136883735,2.0601742127906224,29.365960205276597
2002-02-27,14.779056653530647,3.0534359443486547,2.383700582152463,29.746163607804448
2002-02-28,13.187011517187983,0.6407368215861777,2.9008079446446033,31.297190199298495
2002-03-01,12.50036371667751,-0.5834936316962864,3.201201055713688,29.87237021143841
2002-03-02,14.376888007362261,-0.05279780420789837,1.3931020808028545,29.36177067915564
2002-03-03,12.993281447951222,1.3599587347031319,0.9636983601328415,28.77966447729057
2002-03-04,12.912880958904193,2.5159221675207712,1.1570358592256194,30.675322632248566
2002-03-05,13.946683306791252,1.6458979828363447,-1.080112221807992,29.93346608850745
2002-03-06,13.633772400495332,0.8615054820055058,-0.31215996245829347,28.02583429176402
2002-03-07,12.99216418859744,0.2491806447902405,-0.2373728927558072,28.228860243685567
2002-03-08,12.70363739367636,1.2482186081264515,-1.0628871624785612,27.10279003581399
2002-03-09,15.255211069090638,2.207093308234187,-2.2973463225013133,26.173710397280832
2002-03-10,15.52396698733699,1.8744696499907605,-1.1412814798657607,25.58736148951467
2002-03-11,17.432310156740826,0.9642509840939706,-2.6440077367790638,26.406396206757695
2002-03-12,16.614493395161833,1.2770008989194919,-2.3460577805366647,25.972138998834048
2002-03-13,16.662856906694383,0.9655787888461962,-1.3224747896215705,24.790026361918283
2002-03-14,16.04282719710019,2.188104222076319,-2.8768872361397135,24.391263924428035
2002-03-15,17.29443586116504,3.8697115508238173,-3.860900737513264,23.514794470085537
2002-03-16,18.219756160402948,3.7847648178162583,-3.0476391054921574,24.88214723661139
2002-03-17,17.914146377495612,1.3899370930221568,-3.4109804315252483,23.6519932793624
2002-03-18,19.814411775306567,1.9910080065339737,-3.151277487775045,23.660878839091716
2002-03-19,18.121513404206468,2.181745570758478,-2.5953307634232434,22.14296606404672
2002-03-20,17.825789355194118,1.9350915435707294,-2.9920681222618035,23.019614692948988
2002-03-21,17.751383512465253,2.5601433127095365,-4.343363203517111,21.829483407134177
2002-03-22,18.402047674480034,1.489338662575622,-3.959391695479643,23.1129092782454
2002-03-23,18.946623354852402,2.122265822675399,-5.179634688181248,23.71376099803145
2002-03-24,20.550307421901078,1.013830074756286,-4.0699390576022045,22.932984877493006
2002-03-25,20.646764817494187,-0.9375702367284122,-3.3292057601194527,22.21219187242202
2002-03-26,20.38352630397741,-1.052571221103909,-3.80290371235324,21.40855977523278
2002-03-27,20.80680962104648,0.22512767063069572,-5.595666969340813,21.069125528347726
2002-03-28,19.929416132660496,1.5585089129590985,-5.766206372921483,19.908645899563712
2002-03-29,18.77997850824021,2.17169044868778,-4.530244638215451,20.748337334648365
2002-03-30,20.697404735829267,1.3984977625688266,-3.4592377746197798,21.85195568812593
2002-03-31,20.04562782899956,2.7968087031571196,-2.2311166600126286,21.69322435795502
2002-04-01,21.284812053737404,2.1634693912762413,-1.680382888760846,20.51146569891236
2002-04-02,21.50536686190992,3.153970472661241,-1.6660297485402347,21.4543015610079
2002-04-03,21.23779728537743,4.0688047513089325,-2.1054811285046853,20.371493841535017
2002-04-04,21.53024590902093,3.616807610334707,-3.167363861455075,20.49314886607741
2002-04-05,22.440864168866458,4.212876174144483,-2.617998825376045,20.653827753848987
2002-04-06,21.973315125311366,4.503487976670142,-3.201129925275251,19.83979024221161
2002-04-07,21.152148770515232,4.132333116032488,-3.8357294429550146,19.995894115949746
2002-04-08,22.66281888397682,5.400208718430226,-5.199289875212558,19.405484838398614
2002-04-09,23.664407107479768,6.071134054251946,-6.056281413894824,19.249548053235387
2002-04-10,25.147470488187096,7.298855308951596,-7.082887086096235,18.451974662991315
2002-04-11,24.14369357778772,6.672013413585881,-8.352390651857238,18.544978331756624
2002-04-12,25.316499457122045,7.988550989316162,-6.072143865958476,16.58586153105747
2002-04-13,25.046734448709977,8.036308695220319,-7.863751808455746,16.15784274196542
2002-04-14,25.037126937707527,8.2170390942484,-8.495837563040466,14.785686606880507
2002-04-15,25.196255018754005,7.9578516826400385,-7.832384084385942,13.449994771204404
2002-04-16,26.61126389429208,7.479276411060978,-6.637926291613081,11.986782580799506
2002-04-17,27.853633766123785,7.498131650357194,-6.085819378434588,11.345088532793703
2002-04-18,27.43814563021308,7.494058455829699,-3.970060078464772,11.128248076836
2002-04-19,26.674140632158903,8.098097109445568,-1.6266033773830344,12.713284328011895
2002-04-20,27.463891320020917,7.35556947971839,-0.018982235570834227,12.915644013614422
2002-04-21,28.13286553551307,6.415756662874215,0.2323207497480853,13.044744893003287
2002-04-22,29.11608957104291,7.693403684975282,0.8413973501183367,12.87513154246817
2002-04-23,29.54039351525696,6.604504450194067,1.7623745046027213,13.294492094389847
2002-04-24,27.791731374819904,7.304934469180697,2.0420449612182594,12.271562713930708
2002-04-25,29.200519885333605,6.4193343712894855,1.5826638834555866,13.131308698790233
2002-04-26,30.155783189144604,6.759800420991983,1.9621269639571133,12.544053598625148
2002-04-27,31.28258357192554,6.037892231149739,1.6482771488015797,12.935100642736337
2002-04-28,32.078991143773386,6.617935377263686,0.403243300874476,13.282135858061308
2002-04-29,33.25234042968738,8.381733091392439,1.3995226062131338,12.58109841345249
2002-04-30,32.394748815012704,8.812765163765619,1.3537481144713543,11.957449061444816
2002-05-01,32.30650811175804,9.153595235686186,1.154058648609631,11.906867117483236
2002-05-02,32.56619028468861,10.068186109354736,0.9511537047557139,10.424521870200604
2002-05-03,32.55486848248601,10.414422041000968,1.4477638558448307,11.125734021130096
2002-05-04,32.0551886650739,10.017972553892438,0.7704210642102169,8.669104786473333
2002-05-05,34.09820109989341,10.30786280884981,-0.9872827494418925,10.499770880834214
2002-05-06,35.0997221325877,9.627828549633374,0.23751605847009616,12.031083484299776
2002-05-07,33.95957147988309,11.402994188903518,1.1109271283938846,14.111302737418487
2002-05-08,35.45231801996315,11.558656300282555,1.648484939008217,14.28865997117893
2002-05-09,34.75607130491398,11.58582650607472,2.610987242356438,13.76995809543884
2002-05-10,35.081020505954754,10.058743599061012,2.508422514153674,14.298234737523131
2002-05-11,35.22713420321589,9.52273556572921,2.565595695126245,13.217667188684354
2002-05-12,33.515877210514645,9.96606906566729,0.7325341275451471,13.996643300341397
2002-05-13,34.29176215780247,7.970001573089833,0.7204457492664732,12.165952558050968
2002-05-14,34.59876798328766,10.891766496745856,0.20710106044944498,12.735010242135656
2002-05-15,34.073132593706866,11.979205104624262,0.6910486632192583,11.545408960758936
2002-05-16,33.296270930366305,13.51724240167918,0.9980391998962939,11.620969634276932
2002-05-17,33.318909590524036,13.33540795647992,1.700977397347175,11.940467951993176
2002-05-18,34.350356321539095,14.113687721254859,1.8469476683175856,12.334849587528511
2002-05-19,34.96693983499309,15.589151745919121,1.041692577624914,10.943093884785693
2002-05-20,36.388571639819396,15.321499631945834,2.0048874653701967,12.354305050322603
2002-05-21,36.648304783391374,14.850701804089525,2.4384801161166703,12.500613074681697
2002-05-22,36.61224477233343,14.3584721979854,1.3149370483160345,12.298056339688568
2002-05-23,37.46525613293313,15.069916478169063,2.9045693762361138,13.283809160690852
2002-05-24,38.1127668666571,17.06567257052053,4.652969946402708,14.456764849471439
2002-05-25,38.13511695402497,18.055737675622797,4.906978702883533,12.515217541910474
2002-05-26,39.95192611758364,19.59809161758545,3.6459533938128397,13.252545656289065
2002-05-27,40.657289757795006,19.192444650695155,3.802570790485299,14.02332802261671
2002-05-28,40.66122564564797,19.18190177921785,4.258372251066659,14.468292243281637
2002-05-29,40.894286966302964,19.71149821141944,5.321987885448317,14.486000375854253
2002-05-30,39.930353847378846,20.237759225664416,5.764641873997562,13.507818763911677
2002-05-31,39.487191600189846,18.975231708762415,5.721056464956998,13.767408135345061
2002-06-01,39.98560067762948,19.29570335765499,4.216787440875021,12.49503818330587
2002-06-02,39.62285043249034,20.325822215385497,6.507860752903909,12.81388278026623
2002-06-03,38.637720873115384,18.88980885060119,6.3738407429661565,14.504773667700205
2002-06-04,38.40765502441172,18.506402152844124,7.916408958125352,15.276553251580495
2002-06-05,41.280286677975134,18.893085028047317,7.754137714602536,15.346290758811069
2002-06-06,41.33423792171414,17.761481004328925,7.1829430971361825,15.41623479660876
2002-06-07,40.73316899661024,16.83441570429296,7.63811174341836,14.157493755860889
2002-06-08,39.55792381372429,15.420943805847328,8.596498639422084,12.735790956723706
2002-06-09,41.24087880876154,14.961783804771029,7.45577948440688,12.266601564855737
2002-06-10,41.828906057449515,13.705641183004069,6.531253629980123,12.59231255130582
2002-06-11,42.42709832909047,12.948621838159601,6.21715331933134,11.471096856735077
2002-06-12,42.53333165056372,13.676847127512922,6.2092507912440045,11.242120066432872
2002-06-13,41.37945089294017,13.066418944051057,7.108657775310152,9.862528555190439
2002-06-14,41.27505451650171,12.987681785463574,7.187813565727587,10.431347000362365
2002-06-15,39.21707819100272,12.8030519436689,7.588650054613353,11.34693164250053
2002-06-16,38.929150085437065,12.097592545578198,7.320902365079005,11.483112289501122
2002-06-17,39.104258325706304,12.886150150031694,7.971046710332521,12.1936237527379
2002-06-18,38.179143256617046,14.102936115351957,9.02197556544819,12.979317992922338
2002-06-19,38.29321818588681,15.339261731503246,8.246247916578003,13.86884863674578
2002-06-20,37.05133871711729,13.875472593731565,8.0008304191969,13.52281911096151
2002-06-21,35.65455378176028,13.610636814907963,9.015946540658936,12.37026822043239
2002-06-22,37.288402294014936,14.344838616669847,8.002963836606105,11.507501906497588
2002-06-23,36.62876193973102,14.086478614529856,7.573068544240837,12.948121033105881
2002-06-24,37.183041033417744,12.938391233187739,7.334686659710474,12.618344331435255
2002-06-25,36.50118031073865,13.736071973712697,7.915468015359183,11.766130232038169
2002-06-26,36.744270775199375,12.265777897340977,7.824258324407444,10.154431638712675
2002-06-27,36.328200742762164,11.596506962084026,8.293444387616455,11.503953729596727
2002-06-28,36.520937898325414,13.04796011085338,7.277439295829183,11.52058211069233
2002-06-29,37.20169905713324,12.146932155950154,8.735237606570875,12.879791731531055
2002-06-30,36.86914773633457,12.746120340425184,10.788376633453282,11.774157100554321
2002-07-01,35.68782611376448,12.13804333352249,11.32599726963254,11.252066937062425
2002-07-02,36.49258923013404,12.147434574602507,10.997901544897568,10.098498548211415
2002-07-03,37.19537903728917,12.34420355521267,10.027590117309314,10.244081015025623
2002-07-04,36.97051025464203,15.816521520860604,11.486435760896823,9.902452885856768
2002-07-05,34.68803554612999,16.384642742947978,11.671605093436034,10.548433508421684
2002-07-06,33.60882135367436,16.722946324111955,10.82592735090397,10.043796920956103
2002-07-07,33.14699336953203,16.966598895357556,11.851531559754923,8.034149058512645
2002-07-08,32.79381182795167,14.559293880349854,13.61597049276953,7.032647631507583
2002-07-09,32.85244026548379,14.57962854563033,11.639540117461848,8.81567064482383
2002-07-10,33.31172725215818,14.495090009767363,11.066687874875619,7.2474493878523605
2002-07-11,34.54174296344474,13.142346693940365,10.969739660479174,8.180559311777374
2002-07-12,36.76737090482675,12.771477589856218,10.408009652706912,8.232626402402623
2002-07-13,36.991582825703816,11.703720603367184,10.06996486337301,7.799313943736266
2002-07-14,36.729642768551734,10.451441144550063,10.97423112724173,8.195398707088954
2002-07-15,36.54713991743371,11.1461717426645,11.000426064253936,8.26276324968053
2002-07-16,36.94807708272882,11.381851030025718,11.236603263332661,6.693484464460508
2002-07-17,37.125330623588944,10.786610654532426,11.731694698153945,8.527356201430766
2002-07-18,35.02824703256245,10.872752464892399,10.974641547237926,9.000301142209405
2002-07-19,32.95403740923704,9.339495785019988,9.082106691913731,8.65793324740837
2002-07-20,32.23943114099196,10.003696855183364,9.167431404635682,7.17880844944005
2002-07-21,32.26313474265576,8.861189334140091,8.793012111187164,5.341474747591287
2002-07-22,31.322790400787465,9.414773357157456,7.316853770865933,6.893367237964814
2002-07-23,31.42203743319782,10.124269105264274,7.048401498684944,4.76490729689092
2002-07-24,32.611593949193264,8.988858980565716,6.460895004508907,4.4751639590814625
2002-07-25,33.37250961624197,10.536321583488641,6.503469561157198,4.399553926536854
2002-07-26,35.16647619171037,9.891805925190978,7.174057472980274,4.718692657007167
2002-07-27,34.2509582790144,9.510350740532369,7.161648022593166,3.372378810777662
2002-07-28,33.64130989700438,8.8311706283862,6.854842038552555,2.4838359972243564
2002-07-29,35.083355670445364,9.434989635320097,5.511317608438935,3.62449913050404
2002-07-30,34.22194720553619,10.490309277595957,4.635223350972133,3.686904901147598
2002-07-31,35.36648111412442,11.979283460610421,6.224024880186173,4.789594378458903
2002-08-01,38.43987159146826,12.5146268438646,7.633388945484634,5.47331927861089
2002-08-02,39.525644091546475,13.787378201914722,9.153242281679095,6.0997014321598835
2002-08-03,39.929992776293005,15.685816177562955,10.439209122750395,6.940026531938314
2002-08-04,40.48432547934213,12.960353526284464,9.790012966985085,7.040099943507817
2002-08-05,39.72290675751458,13.634863123754933,10.340733690307786,7.401429847574334
2002-08-06,39.6785169669158,13.325524917295816,6.424112416958222,6.9136720103523395
2002-08-07,39.80636931542895,13.826058427120659,5.539302611049587,8.680854879718401
2002-08-08,39.67025744139818,13.805078048898261,6.85225027734591,7.520901648653781
2002-08-09,40.617409702759474,13.795786857631517,7.155918643135465,7.875996478138803
2002-08-10,41.281119158248515,13.121343662290315,8.192159147274175,8.745886772131918
2002-08-11,39.56373465656327,10.81838225018175,8.670331630618067,8.821929928301138
2002-08-12,40.7434257532749,10.667187297723576,8.763702442442678,8.629961395248289
2002-08-13,40.279239028566565,12.620997627024757,8.700315026943823,9.408356973933362
2002-08-14,40.48171287985875,11.619642919953652,8.281260790462515,8.028951394042164
2002-08-15,39.88196891892081,11.904082957980677,6.890516214657779,8.635923013209563
2002-08-16,39.04539679425077,11.187371773147897,6.052250360296319,8.479432431685153
2002-08-17,41.51751711943755,11.43901582420571,6.5683901224885375,8.1719180197182
2002-08-18,40.43913822636792,9.996495918948604,8.013983193880808,9.898570932649077
2002-08-19,39.44156255650463,9.26055819132886,6.8460348150771075,7.442664849047869
2002-08-20,39.45751268282654,9.367731888819549,5.9456640097510345,6.049156503898639
2002-08-21,39.96428359197364,7.918279809829508,7.000421136225334,6.978221776890192
2002-08-22,40.0133559129521,6.304493104231993,5.918135464329552,7.184050409993744
2002-08-23,40.41815077242873,7.242341669733435,8.523029524283253,7.320670052032985
2002-08-24,40.192455012676085,9.243768147120454,9.37288226082484,5.698748703720598
2002-08-25,40.370565894827315,9.560456379752178,9.551517683898767,4.259533331835718
2002-08-26,42.1154227298542,10.721424358777865,9.764937225394634,6.162214901985598
2002-08-27,41.70620350389401,12.161265580963459,8.840998623126023,5.6351362811981165
2002-08-28,42.194759541939355,12.163211002482168,8.579024052556862,6.435571418586157
2002-08-29,41.01050424398684,12.362344725259534,8.625437468177527,6.539564711150153
2002-08-30,40.35095608948015,12.920651701060825,8.236559421581733,6.124477259046468
2002-08-31,40.544935506012344,12.795414564194587,7.8347706034941345,5.52650969614642
2002-09-01,41.644922938343484,12.969107018184861,7.6217793790782125,6.241229173560017
2002-09-02,40.688016736865215,13.385107411898417,7.330202665965104,8.521790518699191
2002-09-03,40.13761013138129,13.278950723090505,6.1298938622076875,8.819350548660683
2002-09-04,39.533068925692774,14.970789650594185,6.384671809044528,9.682057677661986
2002-09-05,39.93138711158968,14.27914484927622,7.140036575208953,10.288035923713082
2002-09-06,39.05147999695022,14.844894667130399,7.282367613948595,9.961070294862143
2002-09-07,39.00987279373514,13.966437222162533,8.12035313463686,9.17869225372755
2002-09-08,38.7778693997452,11.038623034444083,7.1009595425825,10.629365857062579
2002-09-09,40.11287359279458,10.897996310621146,7.325144932731146,10.703759092545242
2002-09-10,40.51348025691782,11.530677037011058,6.809858454462589,12.032426789087069
2002-09-11,40.452116801466666,10.09342857850559,7.439205808456071,12.222094354646382
2002-09-12,40.356037073056974,10.86026979446655,8.842155789980291,13.142876869723716
2002-09-13,42.376030039567425,11.737153400312273,7.61187251350116,14.412938855216973
2002-09-14,41.08452062135339,11.340536552931457,7.002216849798434,14.869973766970364
2002-09-15,40.47482267634869,10.972412373263627,7.615211090546733,15.011900773407486
2002-09-16,40.775788672413874,10.883463139596575,7.2891667283212005,14.448525420360868
2002-09-17,41.17010310272376,10.836314701142614,3.9918198037143364,13.953046557758746
2002-09-18,42.020626720625536,9.717262899485862,3.938385717785755,12.701789946642185
2002-09-19,39.870129273978655,10.138745106530418,3.1878003616797295,12.333874255191274
2002-09-20,41.46316371896481,9.895711616594959,2.4631329933581916,13.744612115462658
2002-09-21,41.4517725166697,11.664190905015992,2.708711231109185,13.8409945202177
2002-09-22,41.02124311296179,11.195700511344668,2.709072661924466,14.780763223447142
2002-09-23,41.84364312705402,11.594520084553738,2.4997820171625293,14.284406492109566
2002-09-24,41.00771524935663,12.38488539031512,2.13471645496058,16.063734230900234
2002-09-25,43.85087022138777,12.988688777856309,1.7361174674233733,15.953585138996935
2002-09-26,43.50144865961224,14.133939447937628,1.9341110565577884,13.994614142434063
